cost_id,cost_type,amount,cost_date
1,WAGES,40452.98,8/24/2025
2,UTILITIES,6394.52,1/21/2026
3,MAINTENANCE,1156.69,12/31/2025
4,UTILITIES,6192.44,11/30/2025
5,MAINTENANCE,6280.49,3/6/2026
6,MAINTENANCE,4864.77,1/29/2025
7,MAINTENANCE,2581.93,8/17/2025
8,MAINTENANCE,1205.36,8/23/2025
9,WAGES,29719.53,4/14/2025
10,UTILITIES,6439.88,6/28/2025
11,OTHER,3594.04,2/8/2025
12,OTHER,3769.83,8/4/2025
13,RENT,27366.74,5/14/2025
14,OTHER,4096.84,1/2/2025
15,RENT,32388.22,3/5/2025
16,MAINTENANCE,7149.44,12/29/2025
17,RENT,33313.25,9/26/2025
18,UTILITIES,4886.8,12/29/2025
19,RENT,36933.05,3/30/2025
20,UTILITIES,7450.51,4/3/2025
21,RENT,17433.17,11/20/2025
22,WAGES,70422.52,2/26/2026
23,UTILITIES,5554.06,1/6/2025
24,WAGES,30299.88,4/9/2025
25,RENT,45602.33,2/5/2026
26,MAINTENANCE,4012.5,8/7/2025
27,UTILITIES,2900.78,5/12/2025
28,OTHER,857.51,3/12/2025
29,RENT,26870.83,2/26/2026
30,OTHER,4535.62,9/22/2025
31,UTILITIES,9066.57,4/21/2025
32,OTHER,925.56,9/9/2025
33,WAGES,35861.56,1/28/2026
34,RENT,18112.11,6/9/2025
35,MAINTENANCE,9972.86,5/23/2025
36,RENT,32931.47,2/1/2025
37,OTHER,4019.62,6/9/2025
38,MAINTENANCE,7001.29,1/24/2025
39,MAINTENANCE,4237.12,4/17/2025
40,MAINTENANCE,2637.13,9/7/2025
41,WAGES,39017.27,1/18/2026
42,WAGES,71141.25,4/10/2025
43,RENT,26476.72,12/8/2025
44,MAINTENANCE,9589.25,7/19/2025
45,RENT,49241.31,4/25/2025
46,MAINTENANCE,3214.32,1/8/2025
47,OTHER,3191.95,3/29/2026
48,OTHER,2105.67,7/5/2025
49,OTHER,4267.87,2/16/2025
50,WAGES,54326.3,12/2/2025
51,RENT,49224.33,12/5/2025
52,WAGES,47279.3,7/10/2025
53,RENT,30345.34,3/20/2026
54,RENT,39006.05,3/7/2026
55,WAGES,74341.58,12/12/2025
56,MAINTENANCE,9174.69,1/15/2026
57,WAGES,57053.37,2/13/2026
58,WAGES,41112.62,1/31/2025
59,WAGES,23139.9,11/22/2025
60,MAINTENANCE,6599.82,4/4/2026
61,WAGES,34012.21,9/15/2025
62,UTILITIES,4959.66,4/25/2025
63,MAINTENANCE,3347.35,4/28/2025
64,RENT,38551.18,1/6/2026
65,MAINTENANCE,5065.45,9/22/2025
66,WAGES,46890.94,1/8/2026
67,RENT,43222.03,10/29/2025
68,MAINTENANCE,8891.19,4/14/2025
69,WAGES,24745.46,11/3/2025
70,UTILITIES,3980.21,1/10/2026
71,WAGES,36455.0,2/18/2025
72,WAGES,26143.0,5/22/2025
73,OTHER,3455.28,11/23/2025
74,WAGES,22002.32,3/12/2025
75,MAINTENANCE,6527.34,1/4/2025
76,UTILITIES,8764.56,10/10/2025
77,OTHER,659.42,11/12/2025
78,RENT,38253.58,9/16/2025
79,RENT,30648.52,2/14/2025
80,WAGES,47148.01,2/22/2026
81,RENT,35690.02,3/13/2026
82,OTHER,3781.64,5/14/2025
83,OTHER,937.76,2/4/2025
84,RENT,43634.26,11/2/2025
85,MAINTENANCE,4298.99,1/30/2025
86,WAGES,54933.63,5/17/2025
87,UTILITIES,5160.34,10/22/2025
88,RENT,18792.71,12/9/2025
89,UTILITIES,9794.04,1/31/2025
90,MAINTENANCE,3899.05,12/6/2025
91,MAINTENANCE,5431.23,9/28/2025
92,WAGES,73859.72,1/1/2025
93,MAINTENANCE,2658.99,1/5/2025
94,UTILITIES,9322.2,6/6/2025
95,UTILITIES,9377.6,11/15/2025
96,WAGES,26627.63,3/30/2026
97,UTILITIES,3094.77,5/24/2025
98,RENT,36103.17,7/22/2025
99,UTILITIES,5697.95,10/20/2025
100,RENT,31826.8,2/10/2026
101,WAGES,58937.88,11/8/2025
102,MAINTENANCE,6154.94,2/27/2025
103,RENT,18755.93,1/19/2025
104,UTILITIES,7727.17,1/16/2026
105,RENT,24903.93,5/22/2025
106,WAGES,53467.48,6/24/2025
107,RENT,31583.86,12/17/2025
108,UTILITIES,2363.27,3/22/2025
109,MAINTENANCE,7115.73,9/21/2025
110,MAINTENANCE,3546.54,4/19/2025
111,WAGES,27878.22,1/10/2026
112,MAINTENANCE,2758.75,9/18/2025
113,WAGES,36964.82,3/15/2025
114,UTILITIES,6222.36,1/5/2026
115,WAGES,49330.2,2/20/2026
116,MAINTENANCE,3848.89,2/4/2025
117,WAGES,32037.44,4/24/2025
118,UTILITIES,5624.97,2/3/2025
119,UTILITIES,3193.11,3/23/2025
120,OTHER,1251.68,2/11/2025
121,UTILITIES,7861.87,1/13/2025
122,WAGES,31084.78,1/4/2026
123,MAINTENANCE,6082.97,3/16/2025
124,MAINTENANCE,2631.56,10/4/2025
125,OTHER,1067.93,12/31/2025
126,UTILITIES,3270.23,10/29/2025
127,OTHER,3239.57,11/25/2025
128,RENT,35055.38,12/2/2025
129,RENT,35898.57,5/3/2025
130,WAGES,42956.23,10/2/2025
131,RENT,20967.97,5/27/2025
132,MAINTENANCE,7781.63,2/28/2025
133,RENT,23963.56,1/22/2025
134,RENT,15363.24,2/14/2025
135,MAINTENANCE,7333.58,10/9/2025
136,MAINTENANCE,6686.14,10/7/2025
137,OTHER,1554.77,4/12/2025
138,UTILITIES,6123.47,3/6/2025
139,OTHER,589.19,2/22/2026
140,WAGES,57010.39,7/26/2025
141,MAINTENANCE,3674.55,3/26/2025
142,WAGES,61957.99,1/9/2025
143,MAINTENANCE,6963.39,11/21/2025
144,OTHER,2967.89,4/19/2026
145,UTILITIES,9983.41,7/10/2025
146,RENT,44576.78,3/27/2026
147,RENT,44234.46,1/14/2025
148,RENT,49047.31,2/8/2026
149,OTHER,2258.61,12/3/2025
150,UTILITIES,7995.98,1/3/2026
151,MAINTENANCE,4452.37,8/29/2025
152,WAGES,60860.66,1/3/2025
153,MAINTENANCE,1824.88,3/3/2026
154,RENT,33171.76,3/24/2025
155,RENT,42504.56,3/12/2026
156,RENT,12868.4,5/24/2025
157,UTILITIES,6746.6,9/13/2025
158,OTHER,3592.83,3/17/2026
159,WAGES,32707.53,2/18/2026
160,UTILITIES,8516.88,12/8/2025
161,RENT,41993.97,11/6/2025
162,UTILITIES,8959.47,8/24/2025
163,MAINTENANCE,1078.75,8/13/2025
164,MAINTENANCE,2312.01,10/17/2025
165,OTHER,3388.12,5/28/2025
166,UTILITIES,8889.22,2/3/2025
167,RENT,11080.3,9/11/2025
168,OTHER,4843.09,3/28/2025
169,RENT,14723.65,1/24/2026
170,WAGES,54164.51,1/5/2025
171,UTILITIES,8786.92,12/30/2025
172,RENT,47879.51,3/14/2025
173,OTHER,4692.96,10/11/2025
174,OTHER,3899.57,1/19/2025
175,WAGES,34889.99,4/16/2026
176,WAGES,56777.58,1/14/2026
177,MAINTENANCE,8119.58,3/17/2025
178,WAGES,74362.72,4/13/2025
179,MAINTENANCE,6143.65,9/24/2025
180,MAINTENANCE,2111.4,11/9/2025
181,MAINTENANCE,4559.03,10/25/2025
182,UTILITIES,9961.19,6/3/2025
183,OTHER,2842.08,4/3/2025
184,RENT,13646.93,1/14/2025
185,RENT,17641.16,3/20/2026
186,RENT,10968.33,11/22/2025
187,MAINTENANCE,7555.8,4/20/2025
188,WAGES,40379.7,1/4/2026
189,WAGES,25477.17,4/18/2025
190,UTILITIES,7811.57,2/4/2026
191,UTILITIES,3661.11,1/7/2026
192,RENT,21728.64,10/13/2025
193,RENT,49258.1,2/20/2026
194,MAINTENANCE,6441.68,8/30/2025
195,RENT,13983.17,6/6/2025
196,WAGES,59050.06,3/21/2026
197,RENT,18414.62,5/24/2025
198,RENT,40159.8,7/7/2025
199,WAGES,35626.66,8/22/2025
200,UTILITIES,2197.99,7/31/2025
201,RENT,42413.56,11/22/2025
202,RENT,22735.97,5/10/2025
203,RENT,36752.05,4/9/2026
204,RENT,10226.32,1/5/2025
205,OTHER,874.98,7/1/2025
206,MAINTENANCE,9604.48,4/2/2026
207,RENT,22484.73,2/2/2025
208,MAINTENANCE,2271.59,9/5/2025
209,OTHER,1202.83,1/5/2026
210,WAGES,41374.6,4/6/2025
211,OTHER,3499.89,10/21/2025
212,MAINTENANCE,2218.58,1/13/2025
213,OTHER,3836.5,3/22/2026
214,UTILITIES,9061.81,12/21/2025
215,MAINTENANCE,5081.38,6/26/2025
216,MAINTENANCE,9959.53,9/16/2025
217,MAINTENANCE,5247.72,7/1/2025
218,MAINTENANCE,5495.75,2/17/2025
219,OTHER,1109.59,5/31/2025
220,UTILITIES,2507.38,1/7/2025
221,RENT,30184.66,7/19/2025
222,RENT,42212.61,6/7/2025
223,MAINTENANCE,1845.77,2/8/2025
224,UTILITIES,3444.56,12/1/2025
225,MAINTENANCE,7240.52,4/2/2026
226,UTILITIES,8737.63,2/25/2026
227,RENT,36900.04,12/28/2025
228,RENT,22154.71,5/3/2025
229,UTILITIES,7639.17,2/16/2026
230,RENT,39448.62,3/4/2026
231,RENT,36522.5,11/13/2025
232,WAGES,37850.48,8/18/2025
233,OTHER,2080.91,2/19/2026
234,UTILITIES,5118.47,1/30/2025
235,UTILITIES,5933.6,8/10/2025
236,MAINTENANCE,4548.46,7/16/2025
237,OTHER,2738.03,1/12/2025
238,OTHER,599.28,1/21/2025
239,OTHER,1119.94,7/3/2025
240,OTHER,2146.58,2/23/2026
241,OTHER,4342.92,8/9/2025
242,WAGES,64978.13,1/22/2025
243,WAGES,19566.78,12/12/2025
244,MAINTENANCE,2849.86,8/22/2025
245,UTILITIES,5603.96,9/12/2025
246,MAINTENANCE,1751.56,6/21/2025
247,RENT,27709.12,4/19/2026
248,WAGES,69619.98,10/6/2025
249,OTHER,3943.9,7/21/2025
250,UTILITIES,8604.95,6/21/2025
251,MAINTENANCE,8413.23,10/2/2025
252,MAINTENANCE,8021.76,12/24/2025
253,MAINTENANCE,7269.66,2/22/2025
254,UTILITIES,7003.78,1/4/2025
255,WAGES,46021.05,6/6/2025
256,WAGES,46261.35,4/7/2026
257,UTILITIES,5135.6,5/1/2025
258,OTHER,1906.78,2/28/2026
259,OTHER,3191.24,1/18/2026
260,RENT,28283.16,4/30/2025
261,OTHER,4165.34,1/2/2026
262,MAINTENANCE,7611.16,1/30/2025
263,OTHER,4512.23,3/8/2026
264,WAGES,19036.49,10/15/2025
265,RENT,34783.2,12/4/2025
266,UTILITIES,4751.68,8/2/2025
267,WAGES,63585.47,7/23/2025
268,MAINTENANCE,5582.72,10/8/2025
269,OTHER,3567.39,1/16/2026
270,RENT,12899.38,12/8/2025
271,MAINTENANCE,8722.71,10/17/2025
272,MAINTENANCE,9646.63,8/24/2025
273,RENT,41502.75,9/27/2025
274,RENT,39936.74,10/13/2025
275,UTILITIES,2543.12,1/27/2025
276,UTILITIES,6809.69,1/8/2026
277,UTILITIES,6569.32,1/2/2026
278,RENT,29219.68,3/29/2025
279,OTHER,2255.62,7/29/2025
280,MAINTENANCE,4422.96,9/30/2025
281,MAINTENANCE,6727.18,12/10/2025
282,MAINTENANCE,9464.05,3/26/2025
283,MAINTENANCE,9546.67,4/28/2025
284,WAGES,52308.25,6/14/2025
285,MAINTENANCE,6284.85,7/20/2025
286,WAGES,27493.38,4/10/2026
287,MAINTENANCE,3744.35,5/16/2025
288,OTHER,765.74,2/15/2025
289,WAGES,67882.39,3/2/2025
290,WAGES,36841.9,3/28/2026
291,RENT,49792.53,8/24/2025
292,OTHER,2966.09,7/10/2025
293,UTILITIES,7955.85,8/14/2025
294,UTILITIES,3110.42,5/28/2025
295,UTILITIES,9183.97,7/5/2025
296,WAGES,58452.44,1/7/2025
297,MAINTENANCE,7907.32,2/6/2026
298,UTILITIES,4416.01,3/15/2025
299,RENT,38524.65,10/7/2025
300,WAGES,57656.42,3/25/2025
301,OTHER,2471.08,4/26/2025
302,UTILITIES,5548.56,8/15/2025
303,RENT,13744.11,2/13/2026
304,UTILITIES,6871.26,1/31/2026
305,WAGES,16017.14,12/16/2025
306,OTHER,4956.82,6/11/2025
307,OTHER,1410.93,6/13/2025
308,OTHER,553.63,7/4/2025
309,UTILITIES,8743.1,9/1/2025
310,WAGES,52200.78,1/10/2025
311,OTHER,1301.28,3/14/2025
312,OTHER,588.96,8/10/2025
313,OTHER,3948.6,11/7/2025
314,RENT,42636.28,2/2/2026
315,OTHER,2700.33,2/19/2025
316,UTILITIES,8060.47,4/14/2026
317,RENT,15826.99,6/5/2025
318,MAINTENANCE,3304.85,4/7/2026
319,MAINTENANCE,3977.16,5/5/2025
320,RENT,49896.68,1/23/2026
321,MAINTENANCE,9526.36,2/13/2026
322,MAINTENANCE,1842.72,12/15/2025
323,OTHER,2009.65,12/7/2025
324,UTILITIES,3954.49,7/7/2025
325,RENT,16753.57,9/29/2025
326,RENT,29628.05,8/14/2025
327,RENT,42242.75,7/5/2025
328,UTILITIES,4956.58,3/30/2025
329,OTHER,4743.61,4/7/2026
330,WAGES,38577.2,6/26/2025
331,WAGES,76622.06,8/30/2025
332,RENT,39825.95,12/5/2025
333,MAINTENANCE,1016.72,4/14/2025
334,RENT,34501.0,4/24/2025
335,UTILITIES,3994.76,9/16/2025
336,MAINTENANCE,6181.81,4/9/2026
337,WAGES,54172.83,4/23/2025
338,RENT,17118.7,1/17/2025
339,MAINTENANCE,7163.79,5/23/2025
340,MAINTENANCE,4323.38,1/19/2025
341,WAGES,76198.07,2/12/2026
342,MAINTENANCE,7310.03,1/31/2026
343,RENT,31258.86,3/28/2026
344,OTHER,2890.13,10/25/2025
345,OTHER,4249.67,4/17/2026
346,OTHER,3720.95,1/17/2026
347,MAINTENANCE,7113.44,2/1/2026
348,WAGES,26889.6,1/25/2025
349,OTHER,1091.92,3/27/2025
350,UTILITIES,6518.41,1/22/2025
351,UTILITIES,9630.49,7/29/2025
352,WAGES,44804.61,12/9/2025
353,OTHER,2433.42,4/15/2025
354,UTILITIES,8567.53,1/17/2026
355,RENT,26605.44,7/18/2025
356,RENT,45483.25,1/24/2026
357,OTHER,4298.22,1/6/2025
358,RENT,22129.0,1/28/2026
359,WAGES,28452.82,2/26/2025
360,WAGES,36719.69,7/3/2025
361,MAINTENANCE,6326.27,3/21/2026
362,OTHER,798.5,1/19/2025
363,WAGES,71450.72,2/28/2026
364,OTHER,2309.48,1/8/2025
365,RENT,19733.6,7/17/2025
366,WAGES,52036.33,6/24/2025
367,MAINTENANCE,9163.26,3/23/2025
368,WAGES,42024.72,1/8/2026
369,RENT,29288.48,2/13/2025
370,UTILITIES,6203.11,11/22/2025
371,UTILITIES,6969.57,9/29/2025
372,RENT,23785.53,1/4/2026
373,RENT,35070.98,2/19/2026
374,OTHER,643.17,5/26/2025
375,UTILITIES,7258.25,2/6/2026
376,OTHER,3156.63,7/5/2025
377,MAINTENANCE,7681.53,1/6/2025
378,RENT,18265.81,4/4/2026
379,OTHER,3987.38,4/19/2025
380,RENT,10533.05,10/18/2025
381,UTILITIES,6766.42,1/19/2026
382,RENT,12394.16,2/13/2026
383,OTHER,2962.65,3/26/2026
384,MAINTENANCE,1864.76,9/5/2025
385,OTHER,4605.56,3/5/2026
386,UTILITIES,4640.44,4/2/2025
387,MAINTENANCE,2541.84,11/26/2025
388,MAINTENANCE,2162.84,1/25/2026
389,MAINTENANCE,2591.19,3/22/2026
390,OTHER,1270.6,2/4/2025
391,WAGES,79881.57,9/18/2025
392,OTHER,3256.12,10/13/2025
393,UTILITIES,9271.57,11/16/2025
394,UTILITIES,9767.41,3/20/2026
395,UTILITIES,4191.14,1/15/2025
396,UTILITIES,8153.76,1/19/2026
397,OTHER,2044.05,2/26/2025
398,MAINTENANCE,2858.12,1/7/2025
399,WAGES,69758.71,1/5/2025
400,UTILITIES,6513.19,8/6/2025
401,MAINTENANCE,7040.54,5/29/2025
402,RENT,46288.82,11/18/2025
403,MAINTENANCE,9585.3,6/25/2025
404,WAGES,53167.3,1/16/2025
405,MAINTENANCE,4273.95,11/29/2025
406,WAGES,67706.1,9/21/2025
407,OTHER,3693.43,4/3/2026
408,MAINTENANCE,3902.7,9/25/2025
409,WAGES,22363.22,6/16/2025
410,WAGES,68876.66,1/8/2026
411,RENT,39135.09,1/23/2025
412,WAGES,78581.89,4/11/2026
413,OTHER,3917.74,2/18/2026
414,MAINTENANCE,9143.07,8/31/2025
415,MAINTENANCE,3331.11,2/24/2025
416,UTILITIES,4605.34,4/25/2025
417,OTHER,2815.38,3/17/2026
418,OTHER,534.66,8/15/2025
419,MAINTENANCE,7315.71,4/27/2025
420,OTHER,2409.61,6/16/2025
421,UTILITIES,6169.62,1/1/2026
422,OTHER,2955.88,6/1/2025
423,OTHER,2309.26,11/27/2025
424,UTILITIES,9882.47,1/13/2025
425,WAGES,25331.29,5/12/2025
426,UTILITIES,5783.93,5/18/2025
427,WAGES,71774.67,1/14/2025
428,RENT,28407.3,8/16/2025
429,MAINTENANCE,8184.33,8/2/2025
430,OTHER,1565.96,1/22/2026
431,MAINTENANCE,3141.25,12/15/2025
432,MAINTENANCE,3567.78,9/4/2025
433,UTILITIES,2525.12,4/1/2026
434,WAGES,68957.43,1/10/2025
435,MAINTENANCE,9334.52,1/17/2025
436,MAINTENANCE,1402.23,7/26/2025
437,WAGES,38349.83,11/14/2025
438,MAINTENANCE,4121.5,8/16/2025
439,OTHER,1283.47,2/20/2026
440,WAGES,44068.87,2/26/2025
441,RENT,26099.81,2/27/2025
442,RENT,26099.56,7/24/2025
443,OTHER,580.9,11/6/2025
444,OTHER,4895.31,3/7/2025
445,WAGES,77972.54,8/26/2025
446,OTHER,2053.81,1/1/2026
447,RENT,31475.73,9/22/2025
448,MAINTENANCE,5773.18,9/15/2025
449,OTHER,2604.48,7/26/2025
450,UTILITIES,7822.33,3/19/2025
451,RENT,33181.35,4/8/2025
452,WAGES,31248.25,2/6/2026
453,WAGES,56082.38,6/14/2025
454,MAINTENANCE,7374.2,4/23/2025
455,WAGES,46822.88,3/5/2026
456,RENT,10991.35,8/6/2025
457,RENT,39261.68,3/22/2025
458,MAINTENANCE,9474.18,4/15/2025
459,MAINTENANCE,1829.15,4/13/2026
460,OTHER,4847.57,6/24/2025
461,MAINTENANCE,8034.01,7/5/2025
462,WAGES,52739.36,3/29/2026
463,OTHER,4266.61,5/21/2025
464,MAINTENANCE,5232.61,12/30/2025
465,OTHER,1964.39,8/6/2025
466,WAGES,60785.41,8/9/2025
467,MAINTENANCE,4578.95,5/12/2025
468,RENT,42101.58,3/23/2026
469,MAINTENANCE,1661.75,4/15/2025
470,OTHER,776.64,3/3/2025
471,MAINTENANCE,8420.43,2/24/2025
472,MAINTENANCE,8294.85,7/13/2025
473,WAGES,21016.83,5/14/2025
474,RENT,16661.6,2/5/2026
475,UTILITIES,7339.3,3/31/2026
476,MAINTENANCE,9386.81,9/28/2025
477,UTILITIES,2588.35,3/29/2025
478,UTILITIES,4189.21,11/10/2025
479,WAGES,56313.54,9/18/2025
480,UTILITIES,9533.03,11/26/2025
481,RENT,10221.41,3/18/2025
482,WAGES,23021.97,7/1/2025
483,WAGES,66544.25,10/18/2025
484,OTHER,4060.95,2/2/2026
485,MAINTENANCE,1506.51,7/7/2025
486,MAINTENANCE,7466.3,2/17/2025
487,MAINTENANCE,8240.38,5/18/2025
488,MAINTENANCE,9923.66,2/1/2026
489,MAINTENANCE,7154.91,10/10/2025
490,OTHER,2324.57,8/6/2025
491,RENT,27343.59,4/19/2026
492,RENT,15505.07,11/30/2025
493,WAGES,31587.79,8/21/2025
494,OTHER,3678.0,10/1/2025
495,WAGES,32898.18,5/8/2025
496,RENT,18830.59,1/27/2025
497,RENT,23076.85,12/12/2025
498,OTHER,1011.42,1/25/2025
499,MAINTENANCE,4868.59,4/12/2026
500,UTILITIES,5027.21,2/19/2025
501,OTHER,3792.05,8/20/2025
502,OTHER,2904.23,1/21/2025
503,MAINTENANCE,9013.54,9/12/2025
504,OTHER,4986.07,5/17/2025
505,MAINTENANCE,9546.76,5/13/2025
506,UTILITIES,4278.56,11/4/2025
507,RENT,18596.16,11/2/2025
508,RENT,28667.65,9/7/2025
509,RENT,38550.82,8/26/2025
510,RENT,19286.34,3/3/2026
511,RENT,25673.73,5/20/2025
512,MAINTENANCE,3349.2,10/1/2025
513,RENT,32213.72,12/19/2025
514,MAINTENANCE,4290.84,8/10/2025
515,OTHER,3487.48,2/1/2026
516,OTHER,3970.06,6/26/2025
517,MAINTENANCE,8195.47,8/2/2025
518,RENT,24394.76,2/28/2025
519,OTHER,4622.17,2/7/2025
520,OTHER,2681.5,5/7/2025
521,OTHER,2434.5,3/25/2026
522,WAGES,23712.47,8/11/2025
523,WAGES,58271.33,9/1/2025
524,WAGES,46525.27,1/11/2025
525,UTILITIES,3479.17,7/8/2025
526,OTHER,3500.13,6/27/2025
527,MAINTENANCE,3903.9,8/29/2025
528,WAGES,60694.34,1/24/2025
529,OTHER,1073.38,12/19/2025
530,UTILITIES,6818.54,1/19/2025
531,OTHER,965.94,7/3/2025
532,OTHER,2836.22,3/8/2026
533,UTILITIES,7164.13,3/30/2026
534,UTILITIES,8528.61,1/26/2025
535,OTHER,4282.47,2/21/2025
536,WAGES,52496.03,7/1/2025
537,OTHER,2286.76,5/29/2025
538,UTILITIES,6316.99,8/2/2025
539,RENT,21043.12,1/17/2025
540,MAINTENANCE,3943.24,1/25/2025
541,OTHER,1111.0,3/27/2025
542,UTILITIES,5828.72,2/11/2025
543,RENT,21121.86,9/1/2025
544,UTILITIES,7990.78,7/30/2025
545,OTHER,4035.11,9/15/2025
546,RENT,47821.09,10/18/2025
547,WAGES,76218.94,8/4/2025
548,MAINTENANCE,5803.88,1/18/2025
549,MAINTENANCE,8604.16,3/21/2026
550,OTHER,3130.9,2/23/2026
551,UTILITIES,3341.46,4/12/2025
552,MAINTENANCE,7540.79,3/25/2025
553,MAINTENANCE,2291.14,9/19/2025
554,RENT,44611.24,10/18/2025
555,RENT,49847.48,11/23/2025
556,MAINTENANCE,7008.17,10/20/2025
557,WAGES,26438.89,11/19/2025
558,UTILITIES,7865.05,5/16/2025
559,MAINTENANCE,4967.25,3/22/2026
560,OTHER,1579.89,1/25/2026
561,UTILITIES,2634.06,11/24/2025
562,MAINTENANCE,7435.99,8/29/2025
563,MAINTENANCE,1217.44,7/27/2025
564,MAINTENANCE,8752.1,8/17/2025
565,WAGES,49403.38,12/8/2025
566,WAGES,65485.79,3/12/2026
567,RENT,33565.72,7/27/2025
568,RENT,16728.02,5/1/2025
569,UTILITIES,2136.93,5/13/2025
570,RENT,21009.01,3/4/2025
571,UTILITIES,3199.45,10/1/2025
572,OTHER,3131.42,12/30/2025
573,UTILITIES,9200.13,1/4/2025
574,OTHER,3338.69,2/9/2026
575,WAGES,47587.48,2/8/2025
576,RENT,29594.17,4/6/2025
577,MAINTENANCE,4512.85,5/19/2025
578,OTHER,2263.56,1/7/2026
579,MAINTENANCE,3821.38,3/28/2026
580,OTHER,618.99,1/17/2025
581,RENT,36934.3,8/24/2025
582,UTILITIES,7615.74,8/24/2025
583,OTHER,2702.95,12/25/2025
584,UTILITIES,4753.45,4/5/2025
585,UTILITIES,5517.55,3/27/2025
586,OTHER,4885.85,1/24/2025
587,OTHER,742.46,12/11/2025
588,RENT,39423.45,1/16/2026
589,RENT,40778.15,6/6/2025
590,RENT,33498.49,2/21/2025
591,MAINTENANCE,9506.66,3/29/2025
592,MAINTENANCE,8052.13,8/19/2025
593,UTILITIES,6446.4,4/2/2025
594,OTHER,4230.39,6/24/2025
595,WAGES,25629.36,9/5/2025
596,UTILITIES,3786.6,7/20/2025
597,MAINTENANCE,1663.23,11/24/2025
598,WAGES,51109.71,2/4/2026
599,OTHER,3022.12,3/11/2025
600,WAGES,45564.43,2/10/2026
601,RENT,12848.92,3/13/2025
602,OTHER,4208.69,3/28/2025
603,UTILITIES,8659.03,2/2/2025
604,MAINTENANCE,5849.29,4/2/2026
605,MAINTENANCE,1512.16,4/3/2026
606,OTHER,3771.9,12/29/2025
607,OTHER,3202.19,1/20/2025
608,WAGES,34288.14,4/6/2026
609,WAGES,27220.73,9/13/2025
610,RENT,46036.38,12/26/2025
611,MAINTENANCE,5678.35,2/1/2025
612,MAINTENANCE,9090.32,9/3/2025
613,UTILITIES,7435.56,3/28/2026
614,OTHER,545.5,3/14/2026
615,UTILITIES,6699.05,10/26/2025
616,RENT,25336.13,4/7/2026
617,MAINTENANCE,6875.63,8/2/2025
618,RENT,48639.63,1/28/2026
619,OTHER,3568.71,8/15/2025
620,WAGES,37367.05,1/11/2025
621,RENT,47700.19,1/9/2026
622,MAINTENANCE,2982.94,9/8/2025
623,OTHER,3777.74,5/25/2025
624,MAINTENANCE,1432.69,11/30/2025
625,OTHER,3729.19,1/26/2025
626,RENT,41738.17,7/25/2025
627,WAGES,78079.79,7/31/2025
628,UTILITIES,9049.91,3/15/2025
629,UTILITIES,5493.0,12/15/2025
630,MAINTENANCE,3812.39,4/19/2026
631,UTILITIES,4163.42,9/4/2025
632,RENT,12934.82,1/30/2025
633,RENT,45249.77,3/10/2026
634,WAGES,61586.85,2/12/2026
635,RENT,14608.64,1/9/2026
636,MAINTENANCE,1147.59,12/5/2025
637,UTILITIES,2737.11,9/20/2025
638,OTHER,1909.41,4/7/2026
639,MAINTENANCE,3733.74,12/27/2025
640,RENT,23669.7,10/22/2025
641,UTILITIES,3169.8,1/21/2026
642,RENT,37483.7,2/18/2025
643,RENT,21222.69,1/10/2025
644,UTILITIES,9659.86,9/11/2025
645,MAINTENANCE,5906.27,1/14/2026
646,OTHER,4415.99,1/18/2025
647,RENT,46169.13,1/16/2025
648,WAGES,46037.59,8/13/2025
649,WAGES,59486.3,8/19/2025
650,WAGES,33668.76,11/6/2025
651,RENT,48789.94,10/14/2025
652,UTILITIES,6755.0,5/17/2025
653,UTILITIES,8158.29,12/9/2025
654,WAGES,68181.66,2/22/2026
655,WAGES,42600.56,3/25/2025
656,WAGES,46026.0,1/17/2026
657,UTILITIES,3501.0,12/18/2025
658,OTHER,2435.91,2/22/2025
659,OTHER,3718.93,3/9/2025
660,RENT,13133.75,3/11/2026
661,OTHER,1299.64,3/13/2026
662,UTILITIES,2983.92,9/24/2025
663,OTHER,2089.81,10/22/2025
664,UTILITIES,5108.63,5/4/2025
665,UTILITIES,6163.44,2/14/2025
666,MAINTENANCE,9984.18,2/24/2025
667,OTHER,1285.4,9/16/2025
668,MAINTENANCE,4874.41,12/25/2025
669,WAGES,42592.33,4/4/2025
670,MAINTENANCE,1623.82,7/22/2025
671,RENT,44147.18,9/13/2025
672,OTHER,2374.62,11/2/2025
673,RENT,42735.18,7/20/2025
674,WAGES,68942.62,5/29/2025
675,MAINTENANCE,9941.97,2/10/2026
676,RENT,31756.34,1/23/2025
677,WAGES,26941.84,2/12/2026
678,OTHER,2689.15,2/14/2025
679,OTHER,4438.98,2/28/2025
680,MAINTENANCE,2443.34,2/6/2026
681,MAINTENANCE,1894.88,12/13/2025
682,UTILITIES,9590.68,4/2/2025
683,OTHER,2569.24,8/3/2025
684,RENT,18158.4,1/18/2026
685,WAGES,68852.09,2/7/2026
686,RENT,27378.8,10/17/2025
687,MAINTENANCE,1206.29,12/22/2025
688,WAGES,44663.48,6/24/2025
689,WAGES,48602.84,5/29/2025
690,WAGES,77609.0,2/16/2025
691,WAGES,27406.29,6/25/2025
692,WAGES,23807.61,3/1/2026
693,WAGES,71625.97,1/3/2025
694,UTILITIES,4549.31,9/1/2025
695,MAINTENANCE,4033.79,4/21/2025
696,WAGES,21894.8,8/9/2025
697,RENT,39987.65,8/23/2025
698,RENT,28183.79,10/2/2025
699,WAGES,25619.75,9/1/2025
700,WAGES,49007.45,12/7/2025
701,MAINTENANCE,6620.33,1/5/2025
702,WAGES,66601.55,2/17/2026
703,UTILITIES,8837.12,6/23/2025
704,WAGES,43400.94,3/13/2026
705,OTHER,2170.83,8/3/2025
706,RENT,41105.71,1/19/2026
707,WAGES,75730.11,8/18/2025
708,OTHER,2301.55,4/15/2025
709,OTHER,3859.58,4/18/2025
710,MAINTENANCE,1643.86,4/4/2026
711,UTILITIES,4695.75,9/12/2025
712,WAGES,19326.28,5/18/2025
713,MAINTENANCE,3588.35,11/8/2025
714,WAGES,52185.26,10/17/2025
715,MAINTENANCE,3531.66,2/13/2025
716,UTILITIES,4013.01,12/31/2025
717,MAINTENANCE,1291.93,3/28/2026
718,WAGES,15403.17,9/10/2025
719,MAINTENANCE,4415.34,3/21/2026
720,MAINTENANCE,8012.64,9/30/2025
721,MAINTENANCE,3740.95,2/16/2026
722,WAGES,77023.9,12/20/2025
723,WAGES,67956.14,2/10/2025
724,WAGES,41193.97,9/21/2025
725,RENT,11115.44,11/22/2025
726,UTILITIES,8849.15,6/30/2025
727,UTILITIES,2973.23,6/22/2025
728,UTILITIES,6817.45,7/27/2025
729,OTHER,3731.25,10/26/2025
730,UTILITIES,7542.8,3/28/2025
731,MAINTENANCE,4876.14,6/27/2025
732,WAGES,63109.69,1/5/2025
733,UTILITIES,9055.21,10/3/2025
734,UTILITIES,5862.7,3/21/2025
735,WAGES,76378.28,11/19/2025
736,MAINTENANCE,9948.26,10/20/2025
737,WAGES,46900.95,4/2/2025
738,MAINTENANCE,6282.7,7/11/2025
739,OTHER,2155.25,1/2/2026
740,UTILITIES,6550.46,1/9/2026
741,UTILITIES,5901.91,4/17/2025
742,WAGES,24828.92,6/19/2025
743,OTHER,1201.69,7/17/2025
744,RENT,36014.49,3/18/2026
745,UTILITIES,8931.02,2/19/2026
746,MAINTENANCE,3551.15,8/4/2025
747,RENT,19641.83,7/10/2025
748,RENT,12995.45,1/29/2025
749,UTILITIES,2502.1,6/11/2025
750,WAGES,49819.14,4/1/2026
751,MAINTENANCE,1122.92,8/28/2025
752,RENT,47556.03,5/12/2025
753,OTHER,4686.11,7/15/2025
754,WAGES,69422.76,2/26/2026
755,WAGES,24373.61,11/28/2025
756,UTILITIES,7032.43,7/11/2025
757,RENT,18918.93,4/13/2025
758,RENT,19198.65,11/16/2025
759,RENT,10725.76,12/30/2025
760,RENT,41157.43,4/6/2025
761,RENT,34095.2,10/6/2025
762,UTILITIES,8272.11,5/6/2025
763,UTILITIES,2333.12,10/23/2025
764,RENT,41762.65,2/1/2026
765,UTILITIES,2966.93,2/20/2025
766,MAINTENANCE,1388.95,10/12/2025
767,RENT,14843.35,1/13/2026
768,UTILITIES,2704.91,11/15/2025
769,MAINTENANCE,9752.57,1/29/2026
770,RENT,45854.97,12/10/2025
771,WAGES,22517.87,4/6/2025
772,MAINTENANCE,1950.94,3/29/2025
773,RENT,22611.99,8/27/2025
774,WAGES,44744.98,3/17/2025
775,UTILITIES,6251.96,6/23/2025
776,UTILITIES,7352.27,8/6/2025
777,OTHER,1918.89,7/28/2025
778,MAINTENANCE,9214.06,1/18/2025
779,UTILITIES,7921.24,9/22/2025
780,RENT,48482.78,4/13/2026
781,WAGES,24595.73,11/6/2025
782,WAGES,71021.62,5/6/2025
783,UTILITIES,8485.99,7/6/2025
784,RENT,19844.54,4/28/2025
785,WAGES,79208.66,8/25/2025
786,UTILITIES,5271.41,3/20/2025
787,UTILITIES,6313.92,2/15/2026
788,OTHER,2791.2,4/3/2026
789,RENT,39609.4,2/3/2026
790,MAINTENANCE,4238.41,2/9/2025
791,WAGES,15416.36,2/3/2025
792,MAINTENANCE,9965.76,3/2/2025
793,UTILITIES,3889.98,1/26/2025
794,MAINTENANCE,1790.64,9/24/2025
795,RENT,21715.36,5/18/2025
796,UTILITIES,4119.61,5/17/2025
797,OTHER,2503.13,6/24/2025
798,UTILITIES,6671.38,1/12/2025
799,RENT,29782.39,1/9/2026
800,UTILITIES,6824.93,5/7/2025
801,OTHER,3790.99,11/20/2025
802,RENT,31281.97,4/18/2025
803,RENT,41537.11,4/6/2026
804,MAINTENANCE,9715.58,3/24/2025
805,UTILITIES,8738.61,1/21/2025
806,UTILITIES,6596.33,9/14/2025
807,RENT,21697.4,3/13/2025
808,MAINTENANCE,8940.11,3/4/2025
809,WAGES,38639.38,12/4/2025
810,UTILITIES,3900.97,1/7/2025
811,WAGES,30131.0,4/17/2025
812,UTILITIES,8650.32,2/9/2026
813,OTHER,4635.47,2/2/2025
814,WAGES,70126.35,9/6/2025
815,OTHER,4150.66,8/20/2025
816,OTHER,4717.22,2/4/2026
817,MAINTENANCE,1555.66,8/20/2025
818,MAINTENANCE,5454.16,9/1/2025
819,UTILITIES,3785.83,5/25/2025
820,UTILITIES,4442.63,7/7/2025
821,OTHER,3604.15,5/1/2025
822,WAGES,47468.5,2/19/2026
823,MAINTENANCE,3609.6,12/12/2025
824,UTILITIES,5218.62,12/3/2025
825,UTILITIES,8495.08,7/15/2025
826,OTHER,4159.29,3/9/2025
827,RENT,21924.32,12/6/2025
828,OTHER,1614.28,7/26/2025
829,OTHER,2462.1,12/1/2025
830,MAINTENANCE,8594.32,10/19/2025
831,RENT,12817.48,8/3/2025
832,WAGES,28349.9,3/24/2026
833,WAGES,37903.98,9/12/2025
834,WAGES,37449.99,6/4/2025
835,UTILITIES,9229.48,3/19/2025
836,UTILITIES,6247.27,9/25/2025
837,MAINTENANCE,4404.75,11/20/2025
838,WAGES,73301.28,7/23/2025
839,UTILITIES,2783.63,9/26/2025
840,UTILITIES,4583.31,2/28/2025
841,WAGES,25700.2,3/19/2025
842,WAGES,15440.0,7/5/2025
843,WAGES,71268.58,12/10/2025
844,MAINTENANCE,4702.69,11/10/2025
845,OTHER,690.71,2/15/2025
846,WAGES,31364.81,1/12/2025
847,UTILITIES,2232.4,7/12/2025
848,MAINTENANCE,3078.44,12/15/2025
849,RENT,32151.5,8/21/2025
850,RENT,25661.3,9/10/2025
851,RENT,33117.33,7/4/2025
852,RENT,17511.16,1/15/2026
853,MAINTENANCE,5711.86,11/9/2025
854,UTILITIES,8903.67,9/22/2025
855,UTILITIES,3191.87,3/1/2025
856,MAINTENANCE,2914.35,4/4/2026
857,OTHER,2556.37,9/6/2025
858,WAGES,77276.45,1/11/2025
859,MAINTENANCE,9760.07,9/27/2025
860,MAINTENANCE,2359.42,11/21/2025
861,OTHER,4689.27,1/5/2026
862,WAGES,42858.04,10/29/2025
863,WAGES,50941.99,1/11/2025
864,MAINTENANCE,3303.99,11/27/2025
865,OTHER,1944.48,9/25/2025
866,MAINTENANCE,2267.86,2/12/2026
867,WAGES,21153.02,3/23/2026
868,MAINTENANCE,1835.47,3/25/2026
869,OTHER,1339.29,12/23/2025
870,WAGES,65110.88,4/5/2025
871,WAGES,46576.42,1/23/2026
872,WAGES,70373.67,7/8/2025
873,MAINTENANCE,4466.24,7/6/2025
874,MAINTENANCE,2839.17,3/13/2025
875,MAINTENANCE,5704.5,7/15/2025
876,UTILITIES,4836.1,4/21/2025
877,WAGES,23557.69,7/23/2025
878,UTILITIES,9243.3,4/13/2026
879,UTILITIES,2791.12,12/8/2025
880,UTILITIES,8252.64,7/3/2025
881,WAGES,35976.86,1/2/2025
882,MAINTENANCE,2066.59,11/24/2025
883,UTILITIES,3838.41,1/26/2026
884,RENT,46329.39,3/30/2025
885,UTILITIES,8646.3,12/3/2025
886,OTHER,645.87,8/13/2025
887,OTHER,4197.99,1/17/2026
888,UTILITIES,9328.07,9/7/2025
889,MAINTENANCE,4207.76,11/2/2025
890,UTILITIES,6436.34,7/24/2025
891,OTHER,3573.39,5/13/2025
892,OTHER,571.62,6/10/2025
893,OTHER,2597.06,1/12/2026
894,WAGES,32844.1,12/17/2025
895,OTHER,1656.08,7/7/2025
896,WAGES,58109.35,4/2/2026
897,UTILITIES,2889.17,4/30/2025
898,MAINTENANCE,8942.32,3/21/2025
899,MAINTENANCE,3539.38,6/30/2025
900,WAGES,43353.36,1/26/2025
901,WAGES,47568.0,6/16/2025
902,WAGES,21791.46,10/1/2025
903,WAGES,22401.56,6/18/2025
904,WAGES,19236.0,2/13/2026
905,UTILITIES,8890.56,1/29/2026
906,UTILITIES,7087.24,2/2/2025
907,UTILITIES,4260.51,8/12/2025
908,MAINTENANCE,9388.45,3/27/2025
909,OTHER,2486.78,11/27/2025
910,MAINTENANCE,5465.05,9/28/2025
911,MAINTENANCE,4052.72,1/28/2025
912,MAINTENANCE,1796.02,2/20/2026
913,UTILITIES,4663.46,10/4/2025
914,WAGES,55945.9,12/27/2025
915,WAGES,66978.03,12/5/2025
916,WAGES,60941.16,9/13/2025
917,MAINTENANCE,6179.45,3/23/2026
918,UTILITIES,6401.92,4/17/2026
919,RENT,40215.89,10/14/2025
920,MAINTENANCE,7175.75,2/28/2025
921,MAINTENANCE,4206.61,7/8/2025
922,OTHER,3526.39,11/1/2025
923,MAINTENANCE,7435.18,3/6/2026
924,OTHER,1970.51,10/21/2025
925,WAGES,17697.16,3/29/2025
926,MAINTENANCE,3927.39,8/25/2025
927,MAINTENANCE,9953.69,2/13/2026
928,UTILITIES,4152.82,3/18/2026
929,WAGES,39073.25,3/10/2025
930,WAGES,72504.7,8/9/2025
931,MAINTENANCE,8826.66,6/23/2025
932,WAGES,79247.55,8/20/2025
933,RENT,47074.89,2/3/2026
934,WAGES,36394.06,9/6/2025
935,RENT,29717.37,4/8/2025
936,WAGES,69421.66,2/26/2026
937,OTHER,821.4,9/19/2025
938,RENT,18307.8,9/6/2025
939,WAGES,72748.44,4/29/2025
940,WAGES,77495.98,8/7/2025
941,WAGES,43108.17,8/15/2025
942,UTILITIES,2002.23,8/3/2025
943,OTHER,1539.93,9/13/2025
944,UTILITIES,5649.48,2/9/2025
945,MAINTENANCE,8727.13,2/24/2026
946,WAGES,79666.78,2/22/2025
947,MAINTENANCE,6811.09,2/2/2025
948,OTHER,3331.82,3/1/2025
949,RENT,19118.99,5/17/2025
950,OTHER,3541.79,8/29/2025
951,RENT,21779.77,11/8/2025
952,WAGES,19118.87,2/21/2025
953,MAINTENANCE,2751.75,10/16/2025
954,OTHER,1991.58,5/11/2025
955,MAINTENANCE,1061.67,2/8/2026
956,UTILITIES,8302.33,3/30/2025
957,MAINTENANCE,6956.69,11/18/2025
958,WAGES,46551.11,2/2/2026
959,OTHER,2773.44,10/20/2025
960,RENT,13169.05,1/3/2026
961,WAGES,49475.77,7/24/2025
962,RENT,12825.01,5/3/2025
963,WAGES,61213.96,11/22/2025
964,OTHER,2454.43,1/4/2025
965,RENT,26801.68,9/5/2025
966,MAINTENANCE,3733.7,4/13/2025
967,WAGES,47191.42,5/16/2025
968,OTHER,3824.05,6/7/2025
969,OTHER,2811.89,7/24/2025
970,UTILITIES,5145.46,6/12/2025
971,UTILITIES,6491.18,9/25/2025
972,UTILITIES,6616.1,7/12/2025
973,MAINTENANCE,5226.59,1/10/2026
974,WAGES,46073.59,9/28/2025
975,OTHER,3402.13,6/16/2025
976,RENT,37915.67,8/9/2025
977,WAGES,53918.32,2/18/2025
978,WAGES,16422.43,1/16/2026
979,MAINTENANCE,4289.32,11/22/2025
980,OTHER,1952.74,3/25/2026
981,MAINTENANCE,8980.78,6/15/2025
982,WAGES,79441.85,3/26/2025
983,OTHER,3379.62,1/1/2026
984,MAINTENANCE,5425.94,3/2/2026
985,OTHER,4963.9,3/29/2025
986,WAGES,15330.72,8/20/2025
987,MAINTENANCE,9776.46,2/23/2026
988,MAINTENANCE,6420.39,1/18/2026
989,WAGES,26646.85,11/1/2025
990,RENT,43379.11,10/11/2025
991,UTILITIES,2436.24,1/11/2026
992,RENT,49984.84,9/16/2025
993,MAINTENANCE,9062.12,9/9/2025
994,RENT,17385.22,3/5/2025
995,WAGES,25838.64,10/29/2025
996,OTHER,4909.0,4/18/2026
997,RENT,12224.48,9/21/2025
998,UTILITIES,3219.1,2/6/2025
999,OTHER,3391.29,2/1/2025
1000,WAGES,34081.18,5/8/2025
